"_id","nom","prenom","birthdate","age"
"ObjectId(""61db4779c81e1457f090d0a1"")","Wilie","Budgett","22/11/2000",22
"ObjectId(""61db4779c81e1457f090d0a2"")","Orelie","Andover","09/02/2002",20
"ObjectId(""61db4779c81e1457f090d0a3"")","Rurik","Prodrick","05/05/1996",26
"ObjectId(""61db4779c81e1457f090d0a4"")","Hermann","Littlefield","19/02/1993",29
"ObjectId(""61db4779c81e1457f090d0a5"")","Laraine","Trigwell","07/01/1996",26
"ObjectId(""61db4779c81e1457f090d0a6"")","Katheryn","Moreinu","15/05/1993",29
"ObjectId(""61db4779c81e1457f090d0a7"")","Spike","Fearon","09/11/2000",22
"ObjectId(""61db4779c81e1457f090d0a8"")","Brantley","Okie","03/09/1998",24
"ObjectId(""61db4779c81e1457f090d0a9"")","Elwood","Pettman","26/04/1997",25
"ObjectId(""61db4779c81e1457f090d0aa"")","Zia","Cockton","17/08/1999",23
"ObjectId(""61db4779c81e1457f090d0ab"")","Milo","Marien","15/12/1997",25
"ObjectId(""61db4779c81e1457f090d0ac"")","Mariette","Catton","11/05/1997",25
"ObjectId(""61db4779c81e1457f090d0ad"")","Bridgette","Whitehead","09/01/1998",24
"ObjectId(""61db4779c81e1457f090d0ae"")","Stephen","$","22/01/1994",28
"ObjectId(""61db4779c81e1457f090d0af"")","Hernando","Lortz","23/12/1997",25
"ObjectId(""61db4779c81e1457f090d0b0"")","Cordey","Muggleton","07/09/1993",29
"ObjectId(""61db4779c81e1457f090d0b1"")","Patrizius","Garz","05/01/1998",24
"ObjectId(""61db4779c81e1457f090d0b2"")","Ashly","Rittmeyer","24/12/1999",23
"ObjectId(""61db4779c81e1457f090d0b3"")","Jessee","Willan","24/06/2000",22
"ObjectId(""61db4779c81e1457f090d0b4"")","Yanaton","Barnaby","24/05/2000",22
"ObjectId(""61db4779c81e1457f090d0b5"")","Hannis","Jolley","11/09/2000",22
"ObjectId(""61db4779c81e1457f090d0b6"")","Sonja","McClinton","18/02/1995",27
"ObjectId(""61db4779c81e1457f090d0b7"")","Arlyn","Knewstub","21/02/1994",28
"ObjectId(""61db4779c81e1457f090d0b8"")","Zitella","Severy","13/11/2000",22
"ObjectId(""61db4779c81e1457f090d0b9"")","Urbain","Jakeway","06/09/1998",24
"ObjectId(""61db4779c81e1457f090d0ba"")","Nap","Satford","28/11/2000",22
"ObjectId(""61db4779c81e1457f090d0bb"")","Rodd","Lavell","24/09/1993",29
"ObjectId(""61db4779c81e1457f090d0bc"")","Xenos","Ewence","12/03/1994",28
"ObjectId(""61db4779c81e1457f090d0bd"")","Cherice","Englishby","24/11/2000",22
"ObjectId(""61db4779c81e1457f090d0be"")","Che","Serfati","26/07/1993",29
"ObjectId(""61db4779c81e1457f090d0bf"")","Hobie","Nekrews","18/08/1999",23
"ObjectId(""61db4779c81e1457f090d0c0"")","Aurelea","Lambert","29/12/1995",27
"ObjectId(""61db4779c81e1457f090d0c1"")","*","Skevington","20/01/1996",26
"ObjectId(""61db4779c81e1457f090d0c2"")","Shirley","Duckett","05/09/2002",20
"ObjectId(""61db4779c81e1457f090d0c3"")","Bartolomeo","Mozzi","21/08/1997",25
"ObjectId(""61db4779c81e1457f090d0c4"")","Mari","Airy","30/04/1996",26
"ObjectId(""61db4779c81e1457f090d0c5"")","Lila","Daly","15/05/1996",26
"ObjectId(""61db4779c81e1457f090d0c6"")","Bertine","Manston","07/12/1999",23
"ObjectId(""61db4779c81e1457f090d0c7"")","Chaddie","Keenan","11/06/1996",26
"ObjectId(""61db4779c81e1457f090d0c8"")","Cherilynn","Polye","10/09/1996",26
"ObjectId(""61db4779c81e1457f090d0c9"")","Cello","Kells","21/12/1998",24
"ObjectId(""61db4779c81e1457f090d0ca"")","Anjanette","Side","04/09/1993",29
"ObjectId(""61db4779c81e1457f090d0cb"")","Harold","Rapinett","22/04/1998",24
"ObjectId(""61db4779c81e1457f090d0cc"")","Clem","De la Feld","05/12/2001",21
"ObjectId(""61db4779c81e1457f090d0cd"")","Glynda","Kiefer","29/06/2000",22
"ObjectId(""61db4779c81e1457f090d0ce"")","Ginelle","Rushworth","01/05/1998",24
"ObjectId(""61db4779c81e1457f090d0cf"")","Caroline","Tremoulet","20/06/1999",23
"ObjectId(""61db4779c81e1457f090d0d0"")","Broddie","Oxteby","13/12/1996",26
"ObjectId(""61db4779c81e1457f090d0d1"")","Malvina","Botfield","29/08/1993",29
"ObjectId(""61db4779c81e1457f090d0d2"")","Zolly","Kelsell","13/04/1998",24
"ObjectId(""61db4779c81e1457f090d0d3"")","Boyd","Lush","02/03/1994",28
"ObjectId(""61db4779c81e1457f090d0d4"")","Barbra","Kittman","28/06/1999",23
"ObjectId(""61db4779c81e1457f090d0d5"")","Evita","Casemore","19/07/2002",20
"ObjectId(""61db4779c81e1457f090d0d6"")","Evey","Goring","17/02/2001",21
"ObjectId(""61db4779c81e1457f090d0d7"")","Benton","Legges","24/06/1997",25
"ObjectId(""61db4779c81e1457f090d0d8"")","Leonanie","Pawellek","19/07/1997",25
"ObjectId(""61db4779c81e1457f090d0d9"")","Rene","Watkin","06/06/1993",29
"ObjectId(""61db4779c81e1457f090d0da"")","Novelia","Dionisii","17/05/1993",29
"ObjectId(""61db4779c81e1457f090d0db"")","Iver","Camblin","09/08/2001",21
"ObjectId(""61db4779c81e1457f090d0dc"")","Brittany","Brumbye","07/09/1995",27
"ObjectId(""61db4779c81e1457f090d0dd"")","Roberta","Comberbach","28/05/1998",24
"ObjectId(""61db4779c81e1457f090d0de"")","Kendall","Grice","11/02/1993",29
"ObjectId(""61db4779c81e1457f090d0df"")","Jessee","Alman","19/05/1998",24
"ObjectId(""61db4779c81e1457f090d0e0"")","Kessiah","Callear","29/05/1993",29
"ObjectId(""61db4779c81e1457f090d0e1"")","Burl","Padrick","29/10/2001",21
"ObjectId(""61db4779c81e1457f090d0e2"")","Eldredge","Archer","29/06/2000",22
"ObjectId(""61db4779c81e1457f090d0e3"")","Aldric","Khristoforov","16/05/1995",27
"ObjectId(""61db4779c81e1457f090d0e4"")","Lynna","Fanning","10/11/2002",20
"ObjectId(""61db4779c81e1457f090d0e5"")","Livvy","Baron","17/01/1998",24
"ObjectId(""61db4779c81e1457f090d0e6"")","Karoline","Forrester","10/07/1999",23
"ObjectId(""61db4779c81e1457f090d0e7"")","Cart","Korous","15/04/2002",20
"ObjectId(""61db4779c81e1457f090d0e8"")","Hallsy","Burd",,
"ObjectId(""61db4779c81e1457f090d0e9"")","Christye","Piggins","11/03/2000",22
"ObjectId(""61db4779c81e1457f090d0ea"")","Levy","Faivre","06/03/2002",20
"ObjectId(""61db4779c81e1457f090d0eb"")","Sydney","Glencross","23/02/2001",21
"ObjectId(""61db4779c81e1457f090d0ec"")","Arlina","Cleminson","10/07/2002",20
"ObjectId(""61db4779c81e1457f090d0ed"")","Corny","Cottham","24/01/1999",23
"ObjectId(""61db4779c81e1457f090d0ee"")","Felipe","Hainning","23/08/2000",22
"ObjectId(""61db4779c81e1457f090d0ef"")","Kathlin","Durgan","21/01/1995",27
"ObjectId(""61db4779c81e1457f090d0f0"")","Lev","Creasy","28/03/2002",20
"ObjectId(""61db4779c81e1457f090d0f1"")","Charlot","Harower","29/06/2002",20
"ObjectId(""61db4779c81e1457f090d0f2"")","Tiffi","Reddy","24/12/1999",23
"ObjectId(""61db4779c81e1457f090d0f3"")","Archaimbaud","Rembrandt","31/05/2000",22
"ObjectId(""61db4779c81e1457f090d0f4"")","Gerty","Dillaway","05/03/1999",23
"ObjectId(""61db4779c81e1457f090d0f5"")","Gilbertina","Pretti","11/11/1996",26
"ObjectId(""61db4779c81e1457f090d0f6"")","Germaine","Tompkinson","12/10/2002",20
"ObjectId(""61db4779c81e1457f090d0f7"")","Wendel","Atte-Stone","10/05/1997",25
"ObjectId(""61db4779c81e1457f090d0f8"")","Denna","Easterling","01/12/1996",26
"ObjectId(""61db4779c81e1457f090d0f9"")","Bryan","Stieger","11/02/2002",20
"ObjectId(""61db4779c81e1457f090d0fa"")","Sibley","Reoch","24/08/1997",25
"ObjectId(""61db4779c81e1457f090d0fb"")","Aridatha","Carrier","09/11/1994",28
"ObjectId(""61db4779c81e1457f090d0fc"")","Alexandr","Girodon","12/06/2001",21
"ObjectId(""61db4779c81e1457f090d0fd"")","Reynolds","Danielsen","27/05/2000",22
"ObjectId(""61db4779c81e1457f090d0fe"")","Marmaduke","McNelis","30/05/1993",29
"ObjectId(""61db4779c81e1457f090d0ff"")","Eddy","Verring","13/02/1993",29
"ObjectId(""61db4779c81e1457f090d100"")","Celinda","Wardesworth","06/07/1997",25
"ObjectId(""61db4779c81e1457f090d101"")","Kelcey","Doby","25/10/1998",24
"ObjectId(""61db4779c81e1457f090d102"")","Kylen","Andriessen","24/11/1996",26
"ObjectId(""61db4779c81e1457f090d103"")","Dun","Whatson","06/06/2001",21
"ObjectId(""61db4779c81e1457f090d104"")","Magda","Gronow","23/04/1993",29
"ObjectId(""61db4779c81e1457f090d105"")","Tallulah","Dowgill","11/09/1994",28
"ObjectId(""61db4779c81e1457f090d106"")","Kerk","Dealtry","24/06/1993",29
"ObjectId(""61db4779c81e1457f090d107"")","Matteo","Sleith","05/02/1994",28
"ObjectId(""61db4779c81e1457f090d108"")","Panchito","Girardez","29/06/1995",27
"ObjectId(""61db4779c81e1457f090d109"")","Arden","Larking","04/12/2002",20
"ObjectId(""61db4779c81e1457f090d10a"")","Kalie","Canada","02/08/1999",23
"ObjectId(""61db4779c81e1457f090d10b"")","Zedekiah","Moseley","17/08/1999",23
"ObjectId(""61db4779c81e1457f090d10c"")","Mayor","Peer","25/03/1996",26
"ObjectId(""61db4779c81e1457f090d10d"")","Andra","Groundwator","23/07/1994",28
"ObjectId(""61db4779c81e1457f090d10e"")","Helaine","Daunay","19/06/1993",29
"ObjectId(""61db4779c81e1457f090d10f"")","Kelley","Folkerd","11/03/1995",27
"ObjectId(""61db4779c81e1457f090d110"")","Alexandrina","Brackpool","03/12/1997",25
"ObjectId(""61db4779c81e1457f090d111"")","Kent","McKellar","26/06/2001",21
"ObjectId(""61db4779c81e1457f090d112"")","Shir","Boxhall","21/06/2002",20
"ObjectId(""61db4779c81e1457f090d113"")","Dannie","Shirtcliffe","08/11/2000",22
"ObjectId(""61db4779c81e1457f090d114"")","Blondell","Le Jean","06/08/2002",20
"ObjectId(""61db4779c81e1457f090d115"")","Rochette","Vidineev","01/12/2001",21
"ObjectId(""61db4779c81e1457f090d116"")","Ruthanne","Brundrett","29/08/1993",29
"ObjectId(""61db4779c81e1457f090d117"")","Sioux","Joris","11/07/1995",27
"ObjectId(""61db4779c81e1457f090d118"")","Stevena","Durtnall","18/11/1999",23
"ObjectId(""61db4779c81e1457f090d119"")","Cleveland","Matis","16/06/1999",23
"ObjectId(""61db4779c81e1457f090d11a"")","Melisenda","Pashe","23/10/1997",25
"ObjectId(""61db4779c81e1457f090d11b"")","Bentley","Folini","14/05/1993",29
"ObjectId(""61db4779c81e1457f090d11c"")","Paddie","Cottis","10/12/1998",24
"ObjectId(""61db4779c81e1457f090d11d"")","Carmine","Spellard","11/11/1993",29
"ObjectId(""61db4779c81e1457f090d11e"")","Glory","Hamberstone","06/03/2001",21
"ObjectId(""61db4779c81e1457f090d11f"")","Anthiathia","Grzegorczyk","16/11/1997",25
"ObjectId(""61db4779c81e1457f090d120"")","Gwendolen","Sidnell","18/04/1998",24
"ObjectId(""61db4779c81e1457f090d121"")","Ulberto","Colyer","09/10/2002",20
"ObjectId(""61db4779c81e1457f090d122"")","Josefa","Eustice","25/07/1997",25
"ObjectId(""61db4779c81e1457f090d123"")","Fiorenze","Blackesland","03/03/1999",23
"ObjectId(""61db4779c81e1457f090d124"")","Flory","Sleaford","14/11/1995",27
"ObjectId(""61db4779c81e1457f090d125"")","Desmond","Wiskar","15/02/2002",20
"ObjectId(""61db4779c81e1457f090d126"")","Jonah","Malling","18/04/1998",24
"ObjectId(""61db4779c81e1457f090d127"")","Guillermo","Phuprate","04/01/1994",28
"ObjectId(""61db4779c81e1457f090d128"")","Michel","Heaven","06/02/1995",27
"ObjectId(""61db4779c81e1457f090d129"")","Joye","Delhanty","29/07/1998",24
"ObjectId(""61db4779c81e1457f090d12a"")","Fernanda","Vaissiere","29/08/1995",27
"ObjectId(""61db4779c81e1457f090d12b"")","Kacy","Found","19/07/1996",26
"ObjectId(""61db4779c81e1457f090d12c"")","Kristo","Eglise","27/10/2001",21
"ObjectId(""61db4779c81e1457f090d12d"")","Anne-marie","Cream","10/05/1994",28
"ObjectId(""61db4779c81e1457f090d12e"")","Alford","Trosdall","27/02/1993",29
"ObjectId(""61db4779c81e1457f090d12f"")","Gwenora","Desson","14/10/1999",23
"ObjectId(""61db4779c81e1457f090d130"")","Valina","Wharby","29/04/1993",29
"ObjectId(""61db4779c81e1457f090d131"")","Mirna","Phillpotts","30/10/2002",20
"ObjectId(""61db4779c81e1457f090d132"")","Augie","Gales","28/05/2002",20
"ObjectId(""61db4779c81e1457f090d133"")","Vasilis","Valerio","26/05/1993",29
"ObjectId(""61db4779c81e1457f090d134"")","Bebe","Spitaro","13/01/1999",23
"ObjectId(""61db4779c81e1457f090d135"")","Danell","Godilington","13/08/1999",23
"ObjectId(""61db4779c81e1457f090d136"")","Rand","Drugan","10/12/1995",27
"ObjectId(""61db4779c81e1457f090d137"")","Jimmie","Sherman","10/09/1994",28
"ObjectId(""61db4779c81e1457f090d138"")","Gregory","Blakebrough","13/08/1997",25
"ObjectId(""61db4779c81e1457f090d139"")","Jude","Feaster","20/05/1994",28
"ObjectId(""61db4779c81e1457f090d13a"")","Addie","Gowlett","16/10/2000",22
"ObjectId(""61db4779c81e1457f090d13b"")","Kinny","Alston","27/04/1994",28
"ObjectId(""61db4779c81e1457f090d13c"")","Tally","Guerra","18/03/1996",26
"ObjectId(""61db4779c81e1457f090d13d"")","Barron","MacRitchie","11/04/1998",24
"ObjectId(""61db4779c81e1457f090d13e"")","Jarrett","Ladell","09/03/2001",21
"ObjectId(""61db4779c81e1457f090d13f"")","Morna","Cheves","13/06/1993",29
"ObjectId(""61db4779c81e1457f090d140"")","Cindy","Macvey","15/06/1997",25
"ObjectId(""61db4779c81e1457f090d141"")","Carroll","Arents","09/06/1996",26
"ObjectId(""61db4779c81e1457f090d142"")","Shannon","Dymock","27/10/1996",26
"ObjectId(""61db4779c81e1457f090d143"")","Osborn","Mash","01/09/1995",27
"ObjectId(""61db4779c81e1457f090d144"")","Lorelle","Hay","21/05/2001",21
"ObjectId(""61db4779c81e1457f090d145"")","Evaleen","Thornhill","07/05/1998",24
"ObjectId(""61db4779c81e1457f090d146"")","Joy","Gladbach","07/06/1998",24
"ObjectId(""61db4779c81e1457f090d147"")","Clyve","Perutto","26/11/1998",24
"ObjectId(""61db4779c81e1457f090d148"")","Waite","Maureen","21/04/1995",27
"ObjectId(""61db4779c81e1457f090d149"")","Kyle","Eicheler","25/09/2001",21
"ObjectId(""61db4779c81e1457f090d14a"")","Dorise","Bollam","05/02/1999",23
"ObjectId(""61db4779c81e1457f090d14b"")","Barbara","Bussey","30/04/1996",26
"ObjectId(""61db4779c81e1457f090d14c"")","Jacob","McGeoch","29/03/1996",26
"ObjectId(""61db4779c81e1457f090d14d"")","Stevana","O'Mullaney","08/05/1995",27
"ObjectId(""61db4779c81e1457f090d14e"")","Grete","Cheke","30/09/2001",21
"ObjectId(""61db4779c81e1457f090d14f"")","Zia","Pragnell","31/08/2002",20
"ObjectId(""61db4779c81e1457f090d150"")","Nikaniki","Endacott","24/02/2001",21
"ObjectId(""61db4779c81e1457f090d151"")","Alysia","Stranks","02/06/1999",23
"ObjectId(""61db4779c81e1457f090d152"")","Boris","Bisley","07/12/1996",26
"ObjectId(""61db4779c81e1457f090d153"")","Ivan","Rowet","15/08/1995",27
"ObjectId(""61db4779c81e1457f090d154"")","Gleda","Bougen","19/11/1995",27
"ObjectId(""61db4779c81e1457f090d155"")","Clo","Kellog","29/04/1994",28
"ObjectId(""61db4779c81e1457f090d156"")","Dita","Viveash","20/12/1999",23
"ObjectId(""61db4779c81e1457f090d157"")","Griswold","Grimston","22/05/1998",24
"ObjectId(""61db4779c81e1457f090d158"")","Mariette","Walklate","11/07/1996",26
"ObjectId(""61db4779c81e1457f090d159"")","Sutton","Blowin","04/03/2002",20
"ObjectId(""61db4779c81e1457f090d15a"")","Barby","Godrich","22/04/1995",27
"ObjectId(""61db4779c81e1457f090d15b"")","Ransell","Drewell","03/10/2002",20
"ObjectId(""61db4779c81e1457f090d15c"")","Bobbye","Ducham","20/05/1997",25
"ObjectId(""61db4779c81e1457f090d15d"")","Gabriell","Cadwallader","20/11/1995",27
"ObjectId(""61db4779c81e1457f090d15e"")","Moyna","Mucklow","15/08/1995",27
"ObjectId(""61db4779c81e1457f090d15f"")","Wandis","Gravells","22/07/1998",24
"ObjectId(""61db4779c81e1457f090d160"")","Elia","Kelwaybamber","20/01/1994",28
"ObjectId(""61db4779c81e1457f090d161"")","Harris","Pybworth","15/07/2001",21
"ObjectId(""61db4779c81e1457f090d162"")","Von","Hayter","27/10/1993",29
"ObjectId(""61db4779c81e1457f090d163"")","Corrina","Hubbold","10/04/1995",27
"ObjectId(""61db4779c81e1457f090d164"")","Jerri","Riddle","05/07/1999",23
"ObjectId(""61db4779c81e1457f090d165"")","Jaquenette","Janzen","03/07/1996",26
"ObjectId(""61db4779c81e1457f090d166"")","Faythe","Glandon","13/12/1999",23
"ObjectId(""61db4779c81e1457f090d167"")","Gill","Gorsse","26/02/1993",29
"ObjectId(""61db4779c81e1457f090d168"")","Iorgo","Limerick","07/12/2001",21
"ObjectId(""61db4779c81e1457f090d169"")","Hubert","Meier","20/02/2002",20
"ObjectId(""61db4779c81e1457f090d16a"")","Brittany","Claringbold","10/02/1999",23
"ObjectId(""61db4779c81e1457f090d16b"")","Aloisia","Jaye","26/06/2000",22
"ObjectId(""61db4779c81e1457f090d16c"")","Mignonne","Sacaze","06/09/2000",22
"ObjectId(""61db4779c81e1457f090d16d"")","Sanderson","Hodges","06/06/1997",25
"ObjectId(""61db4779c81e1457f090d16e"")","Chelsea","Schankel","12/03/2001",21
"ObjectId(""61db4779c81e1457f090d16f"")","Patrice","Ferran","14/05/2002",20
"ObjectId(""61db4779c81e1457f090d170"")","Mellie","Crommett","01/06/1996",26
"ObjectId(""61db4779c81e1457f090d171"")","Tades","Croft","04/03/1995",27
"ObjectId(""61db4779c81e1457f090d172"")","Rois","Marr","21/09/2000",22
"ObjectId(""61db4779c81e1457f090d173"")","Walt","Windmill","03/10/1998",24
"ObjectId(""61db4779c81e1457f090d174"")","Kip","Dana","13/09/1998",24
"ObjectId(""61db4779c81e1457f090d175"")","Josefa","Eyckelbeck","24/04/1993",29
"ObjectId(""61db4779c81e1457f090d176"")","Joshuah","Stuckow","09/04/1998",24
"ObjectId(""61db4779c81e1457f090d177"")","Sophronia","Fedorchenko","29/05/1996",26
"ObjectId(""61db4779c81e1457f090d178"")","Thor","Pavlasek","13/05/2001",21
"ObjectId(""61db4779c81e1457f090d179"")","Christel","Taunton.","16/12/1996",26
"ObjectId(""61db4779c81e1457f090d17a"")","Torie","Freyn","13/10/2000",22
"ObjectId(""61db4779c81e1457f090d17b"")","Nert","Sorey","15/06/1997",25
"ObjectId(""61db4779c81e1457f090d17c"")","Cyril","Burbridge","14/01/1994",28
"ObjectId(""61db4779c81e1457f090d17d"")","Ervin","Orthmann","06/09/1996",26
"ObjectId(""61db4779c81e1457f090d17e"")","Melli","Youngman","07/03/2002",20
"ObjectId(""61db4779c81e1457f090d17f"")","Stevana","Bickell","12/03/1998",24
"ObjectId(""61db4779c81e1457f090d180"")","Kennan","Norheny","06/09/1995",27
"ObjectId(""61db4779c81e1457f090d181"")","Keane","Koeppe","03/05/1994",28
"ObjectId(""61db4779c81e1457f090d182"")","Gayla","Formie","11/05/1999",23
"ObjectId(""61db4779c81e1457f090d183"")","Rosa","Ainsworth","25/08/1995",27
"ObjectId(""61db4779c81e1457f090d184"")","Royce","Blackler","15/02/2001",21
"ObjectId(""61db4779c81e1457f090d185"")","Erwin","Hebdon","26/09/1994",28
"ObjectId(""61db4779c81e1457f090d186"")","Berrie","Zanuciolii","27/03/1996",26
"ObjectId(""61db4779c81e1457f090d187"")","Bernelle","Kryska","21/02/1999",23
"ObjectId(""61db4779c81e1457f090d188"")","Darbie","Mc Andrew","29/01/2000",22
"ObjectId(""61db4779c81e1457f090d189"")","Olenolin","Mockett","31/07/2002",20
"ObjectId(""61db4779c81e1457f090d18a"")","Porter","Himsworth","02/01/2000",22
"ObjectId(""61db4779c81e1457f090d18b"")","Clarabelle","Treverton","02/03/1997",25
"ObjectId(""61db4779c81e1457f090d18c"")","Seumas","Wackley","16/03/1993",29
"ObjectId(""61db4779c81e1457f090d18d"")","Brod","Belf","16/08/1993",29
"ObjectId(""61db4779c81e1457f090d18e"")","Xaviera","Witch","01/02/2000",22
"ObjectId(""61db4779c81e1457f090d18f"")","Howard","Grzegorzewski","13/10/1996",26
"ObjectId(""61db4779c81e1457f090d190"")","Sheelagh","Gurrado","25/12/1998",24
"ObjectId(""61db4779c81e1457f090d191"")","Saunderson","Bolley","24/08/1993",29
"ObjectId(""61db4779c81e1457f090d192"")","Kristal","Goshawk","24/12/1997",25
"ObjectId(""61db4779c81e1457f090d193"")","Bunni","Goldsbury","12/04/1997",25
"ObjectId(""61db4779c81e1457f090d194"")","Shayne","Barnewille","04/06/1996",26
"ObjectId(""61db4779c81e1457f090d195"")","xxxxxx","Greensitt","04/01/2000",22
"ObjectId(""61db4779c81e1457f090d196"")","Henrieta","Aleksic","27/09/1996",26
"ObjectId(""61db4779c81e1457f090d197"")","Rayner","Ryles","11/05/2001",21
"ObjectId(""61db4779c81e1457f090d198"")","Thorndike","Drinkall","08/09/1994",28
"ObjectId(""61db4779c81e1457f090d199"")","Gaelan","Foyle","24/08/1994",28
"ObjectId(""61db4779c81e1457f090d19a"")","Adriane","England","20/09/2001",21
"ObjectId(""61db4779c81e1457f090d19b"")","Flynn","Trahair","17/11/1999",23
"ObjectId(""61db4779c81e1457f090d19c"")","Darla","Kempe","08/04/1996",26
"ObjectId(""61db4779c81e1457f090d19d"")","Ed","Bater","05/09/1998",24
"ObjectId(""61db4779c81e1457f090d19e"")","Marv","McAlister","24/09/2000",22
"ObjectId(""61db4779c81e1457f090d19f"")","Rik","Platts","01/12/1997",25
"ObjectId(""61db4779c81e1457f090d1a0"")","Franz","Opy","14/07/1995",27
"ObjectId(""61db4779c81e1457f090d1a1"")","Ashbey","Rustidge","04/06/1997",25
"ObjectId(""61db4779c81e1457f090d1a2"")","Mady","Garrard","17/10/1999",23
"ObjectId(""61db4779c81e1457f090d1a3"")","Julieta","Donnelly","28/06/1999",23
"ObjectId(""61db4779c81e1457f090d1a4"")","Clyve","Kuhwald","13/02/2001",21
"ObjectId(""61db4779c81e1457f090d1a5"")","Salomone","Littlejohns","10/05/1999",23
"ObjectId(""61db4779c81e1457f090d1a6"")","Mortimer","Dmitr","04/05/1993",29
"ObjectId(""61db4779c81e1457f090d1a7"")","Sallyanne","Kilgour","25/11/1999",23
"ObjectId(""61db4779c81e1457f090d1a8"")","Di","Bemrose","09/04/1994",28
"ObjectId(""61db4779c81e1457f090d1a9"")","Reider","Speirs","16/06/1997",25
"ObjectId(""61db4779c81e1457f090d1aa"")","Britt","Ostridge","24/08/1996",26
"ObjectId(""61db4779c81e1457f090d1ab"")","Welsh","Gluyas","15/11/1995",27
"ObjectId(""61db4779c81e1457f090d1ac"")","Desmond","Krollmann","05/01/2001",21
"ObjectId(""61db4779c81e1457f090d1ad"")","Illa","Petett","30/11/1993",29
"ObjectId(""61db4779c81e1457f090d1ae"")","Orion","Rubenczyk","27/07/1997",25
"ObjectId(""61db4779c81e1457f090d1af"")","Ava","Wastall","14/10/1993",29
"ObjectId(""61db4779c81e1457f090d1b0"")","Olivier","Bendle","08/04/1994",28
"ObjectId(""61db4779c81e1457f090d1b1"")","Mireille","Brimble","24/04/1993",29
"ObjectId(""61db4779c81e1457f090d1b2"")","Myra","Cusick","31/10/1999",23
"ObjectId(""61db4779c81e1457f090d1b3"")","Wit","Pizzie","23/10/2000",22
"ObjectId(""61db4779c81e1457f090d1b4"")","Clyde","Cockayne","15/07/1998",24
"ObjectId(""61db4779c81e1457f090d1b5"")","Paulita","Thurborn","29/01/1998",24
"ObjectId(""61db4779c81e1457f090d1b6"")","Jase","Bouldon","09/04/1994",28
"ObjectId(""61db4779c81e1457f090d1b7"")","Amity","Bohlmann","12/10/2002",20
"ObjectId(""61db4779c81e1457f090d1b8"")","Riki","Bielfeldt","22/09/2001",21
"ObjectId(""61db4779c81e1457f090d1b9"")","Minne","Ind","19/10/1998",24
"ObjectId(""61db4779c81e1457f090d1ba"")","Frederica","Eilert","23/03/1996",26
"ObjectId(""61db4779c81e1457f090d1bb"")","Angie","Ewbank","14/01/1999",23
"ObjectId(""61db4779c81e1457f090d1bc"")","Arther","Sigg","07/06/2002",20
"ObjectId(""61db4779c81e1457f090d1bd"")","Kaylee","Sketcher","02/03/1997",25
"ObjectId(""61db4779c81e1457f090d1be"")","Rabi","Sparwell","02/06/2000",22
"ObjectId(""61db4779c81e1457f090d1bf"")","Basil","Schimann","12/06/1996",26
"ObjectId(""61db4779c81e1457f090d1c0"")","Sanderson","Rippingall","11/08/1999",23
"ObjectId(""61db4779c81e1457f090d1c1"")","Noak","Dombrell","03/10/2000",22
"ObjectId(""61db4779c81e1457f090d1c2"")","Tricia","Becerro","07/04/1994",28
"ObjectId(""61db4779c81e1457f090d1c3"")","Karleen","McLanaghan","28/08/2000",22
"ObjectId(""61db4779c81e1457f090d1c4"")","Evangelia","McKew$","14/04/1998",24
"ObjectId(""61db4779c81e1457f090d1c5"")","Stinky","Gyrgorcewicx","04/05/2001",21
"ObjectId(""61db4779c81e1457f090d1c6"")","Olva","Reid","02/02/2000",22
"ObjectId(""61db4779c81e1457f090d1c7"")","Valaria","Woof","03/12/1995",27
"ObjectId(""61db4779c81e1457f090d1c8"")","Susy","Landells","04/09/1995",27
"ObjectId(""61db4779c81e1457f090d1c9"")","Woodie","Malmar","14/12/1998",24
"ObjectId(""61db4779c81e1457f090d1ca"")","Coraline","Tolossi","26/05/1997",25
"ObjectId(""61db4779c81e1457f090d1cb"")","Loydie","Blasgen","03/03/2001",21
"ObjectId(""61db4779c81e1457f090d1cc"")","Pat","Maffioni","16/07/2001",21
"ObjectId(""61db4779c81e1457f090d1cd"")","Chadwick","Blundan","23/12/1995",27
"ObjectId(""61db4779c81e1457f090d1ce"")","Emilee","O'Kuddyhy","15/04/1994",28
"ObjectId(""61db4779c81e1457f090d1cf"")","Stacee","Tibb","26/05/1993",29
"ObjectId(""61db4779c81e1457f090d1d0"")","Nikolai","Dey","19/09/1998",24
"ObjectId(""61db4779c81e1457f090d1d1"")","Christalle","Gooderidge","07/05/2002",20
"ObjectId(""61db4779c81e1457f090d1d2"")","Dyann","Bourcq","12/07/1994",28
"ObjectId(""61db4779c81e1457f090d1d3"")","Fiona","Sheahan","12/10/1996",26
"ObjectId(""61db4779c81e1457f090d1d4"")","Wandie","Elflain","31/01/1994",28
"ObjectId(""61db4779c81e1457f090d1d5"")","Eduard","Hayesman","01/05/1996",26
"ObjectId(""61db4779c81e1457f090d1d6"")","Luci","Mellows","03/04/1996",26
"ObjectId(""61db4779c81e1457f090d1d7"")","Aarika","Yokelman","08/11/1996",26
"ObjectId(""61db4779c81e1457f090d1d8"")","Jany","Fellgatt","25/02/1997",25
"ObjectId(""61db4779c81e1457f090d1d9"")","Toni","Izkovicz","31/12/2001",21
"ObjectId(""61db4779c81e1457f090d1da"")","Dene","Franz","26/10/1994",28
"ObjectId(""61db4779c81e1457f090d1db"")","Chelsie","Climar","04/09/1996",26
"ObjectId(""61db4779c81e1457f090d1dc"")","Salvidor","Muat","25/01/2000",22
"ObjectId(""61db4779c81e1457f090d1dd"")","Thorstein","Orto","08/06/2001",21
"ObjectId(""61db4779c81e1457f090d1de"")","Zilvia","Verdey","29/07/1999",23
"ObjectId(""61db4779c81e1457f090d1df"")","Ingamar","Warbrick","20/09/2002",20
"ObjectId(""61db4779c81e1457f090d1e0"")","Artie","Harborow","10/07/1994",28
"ObjectId(""61db4779c81e1457f090d1e1"")","Laverna","Brooksbank","12/10/2002",20
"ObjectId(""61db4779c81e1457f090d1e2"")","Cart","Barbier","02/03/2000",22
"ObjectId(""61db4779c81e1457f090d1e3"")","Donalt","Cunniam","10/02/1994",28
"ObjectId(""61db4779c81e1457f090d1e4"")","Sissie","Shillaber","10/01/1999",23
"ObjectId(""61db4779c81e1457f090d1e5"")","Gav","Kilpin","17/12/2002",20
"ObjectId(""61db4779c81e1457f090d1e6"")","Cosimo","Cleal","25/11/1999",23
"ObjectId(""61db4779c81e1457f090d1e7"")","Jordain","Targe","12/06/1999",23
"ObjectId(""61db4779c81e1457f090d1e8"")","Lesley","Osgodby","26/06/2002",20
"ObjectId(""61db4779c81e1457f090d1e9"")","Konstantin","Lockhart","03/05/2001",21
"ObjectId(""61db4779c81e1457f090d1ea"")","Willem","Shill","12/01/1999",23
"ObjectId(""61db4779c81e1457f090d1eb"")","Orelee","Davern","16/05/1994",28
"ObjectId(""61db4779c81e1457f090d1ec"")","Martainn","Strelitz","17/05/1996",26
"ObjectId(""61db4779c81e1457f090d1ed"")","Clementine","Jillitt","03/10/1993",29
"ObjectId(""61db4779c81e1457f090d1ee"")","Heida","Matitiaho","03/06/2000",22
"ObjectId(""61db4779c81e1457f090d1ef"")","Miller","Purseglove","15/12/2001",21
"ObjectId(""61db4779c81e1457f090d1f0"")","Max","Brogiotti","17/09/1997",25
"ObjectId(""61db4779c81e1457f090d1f1"")","Quentin","Worts","15/08/1999",23
"ObjectId(""61db4779c81e1457f090d1f2"")","Neale","Ochterlony","14/08/1995",27
"ObjectId(""61db4779c81e1457f090d1f3"")","Gordon","Lamburne","13/11/1995",27
"ObjectId(""61db4779c81e1457f090d1f4"")","Evangelia","Kermitt","13/09/1996",26
"ObjectId(""61db4779c81e1457f090d1f5"")","Dane","Franciotti","21/04/1997",25
"ObjectId(""61db4779c81e1457f090d1f6"")","Corinne","Capon","05/06/1993",29
"ObjectId(""61db4779c81e1457f090d1f7"")","Ted","Swate","20/04/2001",21
"ObjectId(""61db4779c81e1457f090d1f8"")","Pierce","Messitt","01/11/1995",27
"ObjectId(""61db4779c81e1457f090d1f9"")","Michail","Goldston","03/12/1998",24
"ObjectId(""61db4779c81e1457f090d1fa"")","Roanna","Pink","29/10/2002",20
"ObjectId(""61db4779c81e1457f090d1fb"")","Filmore","de Clerc","14/09/1993",29
"ObjectId(""61db4779c81e1457f090d1fc"")","Byran","Starbeck","29/09/1995",27
"ObjectId(""61db4779c81e1457f090d1fd"")","Etty","Murtell","26/10/1996",26
"ObjectId(""61db4779c81e1457f090d1fe"")","Lenette","Palle","23/11/1995",27
"ObjectId(""61db4779c81e1457f090d1ff"")","Morly","Scannell","04/06/1994",28
"ObjectId(""61db4779c81e1457f090d200"")","Blanca","Pawsey","19/06/2001",21
"ObjectId(""61db4779c81e1457f090d201"")","Laurella","Fransinelli","09/11/1994",28
"ObjectId(""61db4779c81e1457f090d202"")","Rory","Dewberry","31/12/1995",27
"ObjectId(""61db4779c81e1457f090d203"")","Matti","Giraudeau","22/04/1994",28
"ObjectId(""61db4779c81e1457f090d204"")","Tirrell","Choules","03/02/1997",25
"ObjectId(""61db4779c81e1457f090d205"")","Kelcey","Wiffen","30/07/1999",23
"ObjectId(""61db4779c81e1457f090d206"")","Nikolos","Priddie","16/05/1998",24
"ObjectId(""61db4779c81e1457f090d207"")","Moria","Bumby","29/11/1994",28
"ObjectId(""61db4779c81e1457f090d208"")","Ardith","Beadnell","21/08/1998",24
"ObjectId(""61db4779c81e1457f090d209"")","Nikolaos","Fessler","02/04/1996",26
"ObjectId(""61db4779c81e1457f090d20a"")","Dian","Peepall","23/11/1997",25
"ObjectId(""61db4779c81e1457f090d20b"")","Allistir","Ashness","11/08/1998",24
"ObjectId(""61db4779c81e1457f090d20c"")","Shelagh","Ferrulli","25/03/1997",25
"ObjectId(""61db4779c81e1457f090d20d"")","Devi","Brunskill","20/04/2002",20
"ObjectId(""61db4779c81e1457f090d20e"")","Wat","Wagen","18/04/1994",28
"ObjectId(""61db4779c81e1457f090d20f"")","Sharlene","Scupham","13/01/1993",29
"ObjectId(""61db4779c81e1457f090d210"")","Alva","Santhouse","31/07/1994",28
"ObjectId(""61db4779c81e1457f090d211"")","Myrilla","Gentil","12/04/1997",25
"ObjectId(""61db4779c81e1457f090d212"")","Sofia","Dunning","18/07/2002",20
"ObjectId(""61db4779c81e1457f090d213"")","Ash","Penman","03/01/1994",28
"ObjectId(""61db4779c81e1457f090d214"")","Lou","Sobczak","27/05/1999",23
"ObjectId(""61db4779c81e1457f090d215"")","Karlie","Revington","30/09/1997",25
"ObjectId(""61db4779c81e1457f090d216"")","Emilie","Oldis","04/06/2000",22
"ObjectId(""61db4779c81e1457f090d217"")","Mommy","Kingsbury","14/05/1994",28
"ObjectId(""61db4779c81e1457f090d218"")","Mable","Papachristophorou","07/01/2001",21
"ObjectId(""61db4779c81e1457f090d219"")","Gilburt","Crake","23/01/1997",25
"ObjectId(""61db4779c81e1457f090d21a"")","Gardener","Dayborne","29/07/1993",29
"ObjectId(""61db4779c81e1457f090d21b"")","Abagael","Phinnis","06/06/1993",29
"ObjectId(""61db4779c81e1457f090d21c"")","Estell","Stogill","19/03/1998",24
"ObjectId(""61db4779c81e1457f090d21d"")","Morna","Okie","07/11/1993",29
"ObjectId(""61db4779c81e1457f090d21e"")","Didi","Joanaud","04/11/1994",28
"ObjectId(""61db4779c81e1457f090d21f"")","Paton","Rook","13/01/1995",27
"ObjectId(""61db4779c81e1457f090d220"")","Cilka","Eisold*","01/09/2001",21
"ObjectId(""61db4779c81e1457f090d221"")","Chiquia","Middleton","26/10/2000",22
"ObjectId(""61db4779c81e1457f090d222"")","Rozamond","Hawler","04/11/2000",22
"ObjectId(""61db4779c81e1457f090d223"")","Dev","Lorenzetto","11/10/2002",20
"ObjectId(""61db4779c81e1457f090d224"")","Adrian","Risley","21/11/2001",21
"ObjectId(""61db4779c81e1457f090d225"")","Edmon","Porter","08/12/1995",27
"ObjectId(""61db4779c81e1457f090d226"")","Kelsi","Grishin","15/07/1999",23
"ObjectId(""61db4779c81e1457f090d227"")","Kathlin","Linger","30/03/2002",20
"ObjectId(""61db4779c81e1457f090d228"")","Joelly","Cowan","09/10/1994",28
"ObjectId(""61db4779c81e1457f090d229"")","Daune","Skouling","25/01/1998",24
"ObjectId(""61db4779c81e1457f090d22a"")","Rozella","MacNelly","26/04/2000",22
"ObjectId(""61db4779c81e1457f090d22b"")","Angelita","Po","14/09/1999",23
"ObjectId(""61db4779c81e1457f090d22c"")","Erminie","Liggons","17/03/2000",22
"ObjectId(""61db4779c81e1457f090d22d"")","Marylou","McCambrois","13/05/1993",29
"ObjectId(""61db4779c81e1457f090d22e"")","Alverta","Russ","26/12/1996",26
"ObjectId(""61db4779c81e1457f090d22f"")","Valma","Maasz","21/09/1999",23
"ObjectId(""61db4779c81e1457f090d230"")","Franciska","Risbrough*","19/07/1999",23
"ObjectId(""61db4779c81e1457f090d231"")","Felicia","Cracknell","09/06/2001",21
"ObjectId(""61db4779c81e1457f090d232"")","Glory","Gehrts","08/05/1996",26
"ObjectId(""61db4779c81e1457f090d233"")","Cacilie","Guilleton","09/11/2002",20
"ObjectId(""61db4779c81e1457f090d234"")","Franz","Annott","03/10/2000",22
"ObjectId(""61db4779c81e1457f090d235"")","Philip","Hammerich","05/02/1998",24
"ObjectId(""61db4779c81e1457f090d236"")","Kristy","Meo","28/03/1995",27
"ObjectId(""61db4779c81e1457f090d237"")","Simonette","Ivkovic","25/06/1996",26
"ObjectId(""61db4779c81e1457f090d238"")","Red","Wong","18/04/1997",25
"ObjectId(""61db4779c81e1457f090d239"")","Dennie","Hindenberger","06/07/2001",21
"ObjectId(""61db4779c81e1457f090d23a"")","Korney","Byway","23/12/1995",27
"ObjectId(""61db4779c81e1457f090d23b"")","Gustie","Sidebotton","21/08/1994",28
"ObjectId(""61db4779c81e1457f090d23c"")","Dorey","Overton","27/09/1999",23
"ObjectId(""61db4779c81e1457f090d23d"")","Sherline","Jodrellec","12/08/1995",27
"ObjectId(""61db4779c81e1457f090d23e"")","Zita","Kentwell","06/05/1994",28
"ObjectId(""61db4779c81e1457f090d23f"")","Moore","Chadwell","12/11/2002",20
"ObjectId(""61db4779c81e1457f090d240"")","Dina","Dayer","27/06/2002",20
"ObjectId(""61db4779c81e1457f090d241"")","Karlen","Kitcat","18/08/1998",24
"ObjectId(""61db4779c81e1457f090d242"")","Odelia","Chelnam","26/05/1993",29
"ObjectId(""61db4779c81e1457f090d243"")","Fredrika","Crowder","14/11/1994",28
"ObjectId(""61db4779c81e1457f090d244"")","Carilyn","Fussie","26/02/1998",24
"ObjectId(""61db4779c81e1457f090d245"")","Brigg","McGowran","08/08/1993",29
"ObjectId(""61db4779c81e1457f090d246"")","Evered","Gebbe","09/12/2001",21
"ObjectId(""61db4779c81e1457f090d247"")","Chickie","Kohler","07/01/1999",23
"ObjectId(""61db4779c81e1457f090d248"")","Ronna","Radbourn","22/03/1999",23
"ObjectId(""61db4779c81e1457f090d249"")","Darlleen","Mohamed","21/07/1997",25
"ObjectId(""61db4779c81e1457f090d24a"")","Clarey","Chaffin","28/10/1993",29
"ObjectId(""61db4779c81e1457f090d24b"")","Nilson","Mincini","10/02/1995",27
"ObjectId(""61db4779c81e1457f090d24c"")","Milissent","Stanbridge","05/11/1998",24
"ObjectId(""61db4779c81e1457f090d24d"")","Connie","Lumly","16/08/1999",23
"ObjectId(""61db4779c81e1457f090d24e"")","Hansiain","Yallowley","17/08/2002",20
"ObjectId(""61db4779c81e1457f090d24f"")","Wit","Dukesbury","28/12/1996",26
"ObjectId(""61db4779c81e1457f090d250"")","Alanah","Sexcey","28/03/1995",27
"ObjectId(""61db4779c81e1457f090d251"")","Kylynn","Anthill","30/05/1998",24
"ObjectId(""61db4779c81e1457f090d252"")","Calvin","Adamo","17/07/1998",24
"ObjectId(""61db4779c81e1457f090d253"")","Felicity","Newiss","20/11/1996",26
"ObjectId(""61db4779c81e1457f090d254"")","Harmonie","Celand","07/02/1999",23
"ObjectId(""61db4779c81e1457f090d255"")","Cleo","Beyne","20/05/2002",20
"ObjectId(""61db4779c81e1457f090d256"")","Gustave","Gotcliffe","20/10/2000",22
"ObjectId(""61db4779c81e1457f090d257"")","Germaine","Camlin","26/04/1998",24
"ObjectId(""61db4779c81e1457f090d258"")","Chic","Eastgate","28/12/1998",24
"ObjectId(""61db4779c81e1457f090d259"")","Violette","McElvogue","24/01/1998",24
"ObjectId(""61db4779c81e1457f090d25a"")","Gaspard","Rainville","26/06/2001",21
"ObjectId(""61db4779c81e1457f090d25b"")","Willey","Pilmoor","07/07/1997",25
"ObjectId(""61db4779c81e1457f090d25c"")","Dalia","Jindacek","11/09/2001",21
"ObjectId(""61db4779c81e1457f090d25d"")","Garth","Saurat","05/12/1999",23
"ObjectId(""61db4779c81e1457f090d25e"")","Tomasine","Petchell","17/06/2001",21
"ObjectId(""61db4779c81e1457f090d25f"")","Karlan","McLaine","21/09/2001",21
"ObjectId(""61db4779c81e1457f090d260"")","Garreth","Viollet","07/05/1996",26
"ObjectId(""61db4779c81e1457f090d261"")","Lee","Worgen","03/06/1993",29
"ObjectId(""61db4779c81e1457f090d262"")","Jilleen","Fehners","30/03/2001",21
"ObjectId(""61db4779c81e1457f090d263"")","Nissa","Ayerst","01/12/2000",22